,City,Lat,Lng,Max Temp,Humidity,Cloudiness,Wind Speed,Country,Date
0,Bluff,-46.6,168.3333,57.79,61,100,16.51,NZ,1643863850
1,Punta Arenas,-53.15,-70.9167,42.91,70,40,3.44,CL,1643863855
2,Jamestown,42.097,-79.2353,38.52,71,100,4.61,US,1643863825
3,Mariehamn,60.0973,19.9348,19.26,93,100,1.14,AX,1643864261
4,Airai,-8.9266,125.4092,73.09,62,93,5.77,TL,1643863946
5,Kapaa,22.0752,-159.319,75.52,72,100,4.61,US,1643863831
6,Mar del Plata,-38.0023,-57.5575,73.09,87,100,7.0,AR,1643863909
7,Suntar,62.1444,117.6319,-11.81,89,57,4.76,RU,1643864262
8,Aligoodarz,33.4006,49.6949,23.9,48,22,5.84,IR,1643864262
9,Ushuaia,-54.8,-68.3,42.46,56,75,17.27,AR,1643863583
10,Qaanaaq,77.484,-69.3632,-11.69,81,100,6.93,GL,1643863874
11,Berea,41.3662,-81.8543,37.09,94,100,4.0,US,1643864263
12,Fort Nelson,58.8053,-122.7002,-8.01,77,100,5.75,CA,1643863900
13,Itarema,-2.9248,-39.9167,77.41,84,100,9.71,BR,1643864264
14,Dvinskoy Bereznik,62.8551,42.7072,11.21,98,100,2.04,RU,1643864264
15,Ugoofaaru,5.6667,73.0,80.94,72,16,6.46,MV,1643864265
16,Lompoc,34.6391,-120.4579,54.01,48,0,3.44,US,1643863624
17,Egvekinot,66.3167,-179.1667,-10.1,77,5,18.25,RU,1643863989
18,Cape Town,-33.9258,18.4232,66.11,87,40,8.05,ZA,1643863683
19,Dingle,10.9995,122.6711,84.36,68,83,14.45,PH,1643863975
20,Inhambane,-23.865,35.3833,75.18,94,40,5.01,MZ,1643864054
21,Horní Benešov,49.9668,17.6026,30.04,92,54,3.98,CZ,1643864266
22,Lumphat,13.4878,106.9816,94.1,33,15,6.44,KH,1643863995
23,Katsuura,35.1333,140.3,48.31,41,100,2.71,JP,1643863985
24,San José Acatempa,14.2653,-90.1269,62.24,94,9,2.95,GT,1643864266
25,Ixtapa,20.7,-105.2,62.31,83,1,3.36,MX,1643864267
26,Atuona,-9.8,-139.0333,78.85,75,100,17.31,PF,1643863872
27,Puerto Ayora,-0.7393,-90.3518,74.55,93,1,5.01,EC,1643863862
28,Āmli,20.2833,73.0167,78.44,47,25,7.52,IN,1643864267
29,Thompson,55.7435,-97.8558,-14.64,70,0,11.5,CA,1643863585
30,Tiznit Province,29.5833,-9.5,61.86,29,0,8.32,MA,1643863860
31,Narganá,9.4428,-78.5906,78.71,81,48,9.42,PA,1643864268
32,Vaini,-21.2,-175.2,86.16,74,40,5.75,TO,1643863836
33,Albany,42.6001,-73.9662,44.8,83,100,4.07,US,1643863843
34,Nikolskoye,59.7035,30.7861,17.49,100,95,1.32,RU,1643863848
35,Lorengau,-2.0226,147.2712,79.18,81,100,4.74,PG,1643863992
36,Hambantota,6.1241,81.1185,84.54,65,20,6.91,LK,1643863956
37,Arraial do Cabo,-22.9661,-42.0278,74.53,89,99,4.16,BR,1643863877
38,Rikitea,-23.1203,-134.9692,77.97,76,69,10.83,PF,1643863853
39,Bambous Virieux,-20.3428,57.7575,80.85,89,75,27.63,MU,1643863856
40,Santa Fe,-31.6333,-60.7,75.02,86,37,4.0,AR,1643864269
41,Yantzaza,-3.8278,-78.7594,65.39,98,85,1.01,EC,1643864270
42,Cherskiy,68.75,161.3,-20.58,84,85,2.75,RU,1643863896
43,Saint Paul Harbor,57.79,-152.4072,38.71,87,100,11.5,US,1643863900
44,Deseşti,47.7667,23.85,28.92,92,97,4.38,RO,1643864270
45,Wattegama,6.7989,81.4808,83.32,49,37,4.07,LK,1643864271
46,Guayaramerín,-10.8368,-65.3614,71.17,99,78,2.42,BO,1643864271
47,Mossamedes,-15.1961,12.1522,70.18,75,25,7.31,AO,1643863932
48,Yoichi,43.2039,140.7703,32.22,75,100,17.98,JP,1643864272
49,Ponta do Sol,32.6667,-17.1,65.03,70,99,10.8,PT,1643863830
50,Busselton,-33.65,115.3333,92.08,31,89,8.37,AU,1643863857
51,Ketchikan,55.3422,-131.6461,34.63,95,100,3.67,US,1643864272
52,Dolores,-36.3132,-57.6792,66.45,94,98,12.41,AR,1643864273
53,Årdalstangen,61.2371,7.6983,31.1,91,100,6.06,NO,1643864273
54,Yerbogachën,61.2767,108.0108,3.13,92,100,6.44,RU,1643863948
55,Saldanha,-33.0117,17.9442,60.85,89,0,7.76,ZA,1643863865
56,Mahébourg,-20.4081,57.7,80.89,89,75,27.63,MU,1643863903
57,Guerrero Negro,27.9769,-114.0611,57.76,29,0,11.97,MX,1643863913
58,Port Elizabeth,-33.918,25.5701,71.1,88,75,12.66,ZA,1643863856
59,Clyde River,70.4692,-68.5914,-16.37,76,100,17.27,CA,1643863971
60,Shimoda,34.6667,138.95,52.16,48,94,25.37,JP,1643863969
61,East London,-33.0153,27.9116,70.74,100,100,8.05,ZA,1643863893
62,Iqaluit,63.7506,-68.5145,10.13,85,100,10.36,CA,1643863958
63,San Quintín,30.4833,-115.95,56.73,58,0,6.96,MX,1643863921
64,Chokurdakh,70.6333,147.9167,-24.27,99,60,6.51,RU,1643863833
65,Butaritari,3.0707,172.7902,81.73,78,100,15.41,KI,1643863841
66,Hobart,-42.8794,147.3294,64.26,61,40,1.99,AU,1643863834
67,Hofn,64.2539,-15.2082,29.57,64,100,14.63,IS,1643863941
68,Geraldton,-28.7667,114.6,106.21,10,1,14.97,AU,1643863955
69,Kahului,20.8947,-156.47,78.06,74,40,4.61,US,1643863933
70,Tevriz,57.509,72.4042,16.21,96,97,5.19,RU,1643864275
71,Hermanus,-34.4187,19.2345,65.89,76,1,13.22,ZA,1643863842
72,Gijang,35.2442,129.2139,42.53,23,27,9.19,KR,1643864010
73,Bethel,41.3712,-73.414,39.31,91,100,4.61,US,1643863832
74,Constantine,36.365,6.6147,33.21,80,0,1.14,DZ,1643863956
75,Port Alfred,-33.5906,26.891,72.97,90,91,12.44,ZA,1643863842
76,Abu Samrah,35.3029,37.1841,45.46,60,53,9.13,SY,1643864277
77,Nkhata Bay,-11.6066,34.2907,74.16,83,96,3.27,MW,1643864277
78,Tigil',57.8,158.6667,14.7,91,92,4.99,RU,1643864277
79,Upernavik,72.7868,-56.1549,-8.16,64,100,6.2,GL,1643863860
80,Atasū,48.6814,71.6433,9.52,83,63,3.94,KZ,1643863880
81,Avarua,-21.2078,-159.775,82.45,78,40,13.8,CK,1643863884
82,Surin,14.8818,103.4936,87.91,72,36,5.82,TH,1643864278
83,Stephenville,32.2207,-98.2023,32.09,95,100,0.0,US,1643864012
84,Hithadhoo,-0.6,73.0833,81.75,71,6,5.28,MV,1643863837
85,Dauphin,51.1494,-100.0502,-18.26,63,0,13.8,CA,1643864279
86,Yellowknife,62.456,-114.3525,-29.58,80,20,6.91,CA,1643863851
87,Ostrovnoy,68.0531,39.5131,20.08,91,100,13.87,RU,1643863835
88,Severnyy,50.677,36.5532,26.64,100,100,4.47,RU,1643864279
89,Olafsvik,64.8945,-23.7142,28.2,53,18,4.09,IS,1643863925
90,Rawlins,41.7911,-107.2387,-0.65,88,30,5.32,US,1643864280
91,Half Moon Bay,37.4636,-122.4286,56.75,55,100,0.0,US,1643864280
92,Brookhaven,31.5791,-90.4407,62.8,98,100,4.7,US,1643864281
93,Tasiilaq,65.6145,-37.6368,4.93,71,92,8.3,GL,1643863892
94,Makakilo City,21.3469,-158.0858,75.56,66,42,3.56,US,1643864282
95,Khatanga,71.9667,102.5,-34.44,98,32,2.01,RU,1643863857
96,Mataura,-46.1927,168.8643,57.47,65,100,5.23,NZ,1643863835
97,Alekseyevsk,57.8406,108.3492,8.22,89,98,5.06,RU,1643864283
98,Pevek,69.7008,170.3133,-7.08,73,2,4.09,RU,1643863943
99,Kushmurun,52.4503,64.6311,16.79,90,100,11.61,KZ,1643864283
100,Barra Patuca,15.8,-84.2833,75.51,85,1,7.99,HN,1643864284
101,Port-Gentil,-0.7193,8.7815,80.47,76,100,10.67,GA,1643863964
102,Broome,42.2506,-75.833,40.46,75,100,1.99,US,1643863863
103,Sokoni,-6.4333,39.55,79.09,79,99,9.93,TZ,1643864284
104,Dikson,73.5069,80.5464,-5.57,95,100,13.0,RU,1643863868
105,Ewo,-0.8725,14.8206,73.51,84,100,6.69,CG,1643864285
106,New Norfolk,-42.7826,147.0587,63.9,61,85,3.0,AU,1643863876
107,Buchanan,5.8808,-10.0467,76.35,88,14,3.67,LR,1643864285
108,Acaraú,-2.8856,-40.12,77.43,85,100,9.84,BR,1643864286
109,Santa Helena de Goiás,-17.8136,-50.5969,70.99,94,100,2.46,BR,1643864286
110,Iracoubo,5.4802,-53.2011,77.68,81,100,10.69,GF,1643863833
111,Havelock,34.8791,-76.9013,52.02,89,78,5.44,US,1643864287
112,Kandé,9.9578,1.0447,65.8,12,60,3.62,TG,1643864287
113,Hilo,19.7297,-155.09,73.4,82,100,4.61,US,1643863837
114,Chui,-33.6971,-53.4616,69.98,92,2,10.71,UY,1643863836
115,Dunedin,-45.8742,170.5036,58.8,87,100,11.01,NZ,1643863660
116,Faanui,-16.4833,-151.75,81.28,77,29,19.75,PF,1643863872
117,Ust-Nera,64.5667,143.2,-7.22,99,100,3.51,RU,1643863968
118,Jiazi,22.8779,116.067,55.47,85,100,12.53,CN,1643864288
119,Belyy Yar,53.6039,91.3903,-11.31,77,20,2.24,RU,1643864289
120,Saint George,37.1041,-113.5841,36.63,25,0,3.0,US,1643863883
121,Castro,-24.7911,-50.0119,62.89,99,25,6.82,BR,1643863879
122,Machico,32.7,-16.7667,65.12,81,75,5.75,PT,1643864289
123,Esperance,-33.8667,121.9,82.24,48,9,20.13,AU,1643863918
124,Pahrump,36.2083,-115.9839,42.51,19,0,1.01,US,1643864290
125,Adoni,15.6333,77.2833,82.67,37,5,10.11,IN,1643864290
126,Priyutnoye,46.1011,43.5072,35.02,91,97,9.48,RU,1643864291
127,Nguru,12.8791,10.4526,57.0,16,58,9.46,NG,1643864291
128,Mulchén,-37.7167,-72.2333,56.44,87,2,1.43,CL,1643864291
129,Portmore,17.9702,-76.8672,76.96,85,20,6.91,JM,1643864292
130,Colotlán,22.1,-103.2667,52.61,38,1,5.41,MX,1643864292
131,Pisco,-13.7,-76.2167,66.25,88,0,12.66,PE,1643863919
132,Mana,5.6592,-53.7767,76.87,86,99,9.66,GF,1643864293
133,Cedar City,37.6775,-113.0619,15.4,51,7,10.94,US,1643864293
134,Kiryat Gat,31.61,34.7642,54.39,53,0,7.81,IL,1643863847
135,Bredasdorp,-34.5322,20.0403,63.28,73,0,7.18,ZA,1643863832
136,Carnarvon,-24.8667,113.6333,89.67,55,3,12.66,AU,1643863873
137,Noumea,-22.2763,166.4572,89.58,63,15,5.91,NC,1643864019
138,Thinadhoo,0.5333,72.9333,82.35,70,5,6.33,MV,1643864294
139,Comodoro Rivadavia,-45.8667,-67.5,73.26,38,0,5.75,AR,1643864059
140,Hualmay,-11.0964,-77.6139,69.71,83,77,8.39,PE,1643863988
141,Templin,53.1186,13.5022,38.82,93,79,7.49,DE,1643864295
142,Puerto del Rosario,28.5004,-13.8627,69.48,56,100,5.75,ES,1643863974
143,Isangel,-19.55,169.2667,69.91,100,75,5.75,VU,1643863996
144,Araouane,18.9048,-3.5265,58.03,19,48,10.74,ML,1643864021
145,Areosa,41.7178,-8.8571,52.86,78,98,8.81,PT,1643864296
146,Shingū,33.7333,135.9833,49.19,39,100,10.09,JP,1643864296
147,Yeppoon,-23.1333,150.7333,92.98,77,100,10.31,AU,1643863970
148,La Ronge,55.1001,-105.2842,-25.35,75,0,4.61,CA,1643863980
149,Juneau,58.3019,-134.4197,28.4,90,100,4.61,US,1643864297
150,Mažeikiai,56.3167,22.3333,20.46,96,57,4.63,LT,1643864170
151,Bereda,43.2686,-7.5406,46.15,97,94,1.97,ES,1643864298
152,Chivilcoy,-34.8957,-60.0167,70.02,10,100,5.99,AR,1643864300
153,Melo,-32.3667,-54.1833,68.16,96,2,8.77,UY,1643864301
154,Pathein,16.7833,94.7333,83.12,35,45,6.38,MM,1643864301
155,Helong,42.5397,128.9972,15.69,54,57,12.73,CN,1643864302
156,Kiama,-34.6833,150.8667,75.99,59,80,1.99,AU,1643864155
157,Pangnirtung,66.1451,-65.7125,5.67,84,100,7.9,CA,1643863953
158,Te Anau,-45.4167,167.7167,62.06,69,100,4.18,NZ,1643864025
159,Naze,28.3667,129.4833,54.52,87,100,20.76,JP,1643864057
160,Talnakh,69.4865,88.3972,-10.59,98,100,7.02,RU,1643863931
161,Maryborough,-25.5333,152.7,86.11,83,98,1.5,AU,1643864303
162,Codrington,-38.2667,141.9667,61.68,61,99,17.31,AU,1643864303
163,Greymouth,-42.4667,171.2,65.89,99,100,9.51,NZ,1643864304
164,Roebourne,-20.7833,117.1333,93.04,40,84,9.08,AU,1643864055
165,Makat,47.6469,53.3463,31.87,84,100,14.61,KZ,1643864304
166,Huambo,-12.7761,15.7392,59.04,87,43,3.02,AO,1643864305
167,Bathsheba,13.2167,-59.5167,77.61,73,20,18.41,BB,1643864017
168,Shahr-e Kord,32.3256,50.8644,29.23,44,6,3.76,IR,1643864305
169,Fairbanks,64.8378,-147.7164,-22.92,69,0,0.0,US,1643863778
170,Baranchinskiy,58.1617,59.6991,21.6,96,100,4.99,RU,1643864306
171,Alūksne,57.4167,27.05,16.81,98,95,2.1,LV,1643864176
172,Barrow,71.2906,-156.7887,-20.18,63,75,0.0,US,1643863859
173,San Cristobal,7.7669,-72.225,69.98,61,8,1.81,VE,1643863849
174,Viedma,-40.8135,-62.9967,71.31,42,45,6.91,AR,1643863922
175,Hyères,43.1167,6.1167,45.34,81,0,4.61,FR,1643864306
176,Nouadhibou,20.931,-17.0347,67.98,60,0,9.22,MR,1643863881
177,Imbituba,-28.24,-48.6703,76.89,93,74,10.94,BR,1643863870
178,Sari,36.5633,53.0601,40.5,75,0,2.3,IR,1643864307
179,Saint-Philippe,-21.3585,55.7679,81.99,94,100,35.81,RE,1643863893
180,São Filipe,14.8961,-24.4956,72.79,77,0,11.23,CV,1643864001
181,Lixouri,38.2019,20.4314,49.23,50,0,23.26,GR,1643864056
182,George Town,5.4112,100.3354,91.33,73,40,3.0,MY,1643863904
183,Logroño,42.4667,-2.45,31.51,86,0,1.14,ES,1643864287
184,Saint-Louis,16.3333,-15.0,73.36,17,27,12.17,SN,1643864308
185,Punto Fijo,11.6956,-70.1996,77.54,84,33,23.35,VE,1643864309
186,Nyagan,62.1406,65.3936,19.13,94,98,7.74,RU,1643864309
187,Meadow Lake,34.8014,-106.5436,20.61,91,100,13.04,US,1643864310
188,Porto-Vecchio,41.591,9.2795,49.53,100,0,4.61,FR,1643864310
189,Stepnyak,52.8339,70.7803,15.76,82,100,6.93,KZ,1643864310
190,Poum,-20.2333,164.0167,81.46,69,10,1.83,NC,1643864311
191,Mahon,39.8885,4.2658,46.96,93,0,4.61,ES,1643864311
192,Kindu,-2.95,25.95,69.69,93,100,1.99,CD,1643864312
193,Hasaki,35.7333,140.8333,53.89,36,100,6.62,JP,1643863935
194,Macia,-25.0269,33.0989,78.15,72,12,6.35,MZ,1643864312
195,Ajdabiya,30.7554,20.2263,53.74,63,11,13.82,LY,1643864313
196,Forio,40.7342,13.8646,54.43,63,0,10.0,IT,1643864042
197,Omsukchan,62.5333,155.8,-12.55,86,48,7.92,RU,1643864313
198,Dul'durga,50.6761,113.5931,5.56,65,12,7.25,RU,1643864313
199,Naberera,-4.2,36.9333,65.16,85,100,4.07,TZ,1643864314
200,Medicine Hat,50.0501,-110.6683,2.71,62,0,5.99,CA,1643864069
201,Fortuna,40.5982,-124.1573,48.92,87,100,1.01,US,1643863898
202,Tshikapa,-6.4167,20.8,69.22,99,100,2.15,CD,1643864315
203,Tabas,33.5959,56.9244,49.48,32,0,1.03,IR,1643864315
204,Quryq,43.2,51.65,44.91,60,80,22.73,KZ,1643864315
205,Dwārka,22.2394,68.9678,73.56,44,20,16.31,IN,1643864316
206,Olavarría,-36.8927,-60.3225,64.63,97,100,5.37,AR,1643864316
207,Aranos,-24.1333,19.1167,68.18,82,27,6.02,NA,1643864317
208,Padang,-0.9492,100.3543,86.05,71,78,6.11,ID,1643863973
209,Harper,4.375,-7.7169,77.07,83,8,0.58,LR,1643863962
210,Lata,40.1629,-8.3327,44.06,78,96,3.04,PT,1643863888
211,Laguna,38.421,-121.4238,52.47,50,0,1.99,US,1643864047
212,Cabo San Lucas,22.8909,-109.9124,69.51,69,85,5.01,MX,1643863629
213,Jiwani,25.05,61.7417,68.99,31,0,19.48,PK,1643864318
214,Stokmarknes,68.5646,14.9108,22.5,74,58,6.06,NO,1643864318
215,Atambua,-9.1061,124.8925,80.55,72,79,9.98,ID,1643863760
216,Schwalmstadt,50.9333,9.2167,39.96,97,100,7.56,DE,1643864319
217,Ambon City,-3.6954,128.1814,89.74,62,40,9.22,ID,1643863778
218,Gravdal,68.1214,13.5031,24.48,65,100,11.61,NO,1643864319
219,Celestún,20.8667,-90.4,77.41,68,0,15.28,MX,1643863951
220,Boa Vista,2.8197,-60.6733,80.58,65,40,8.05,BR,1643864320
221,Los Alamos,35.8881,-106.307,20.14,84,100,5.99,US,1643864320
222,Salalah,17.0151,54.0924,75.42,36,0,13.78,OM,1643864031
223,Zhangjiakou Shi Xuanhua Qu,40.6103,115.0447,21.74,35,11,8.9,CN,1643864321
224,Rundu,-17.9333,19.7667,66.22,68,60,2.08,NA,1643863990
225,Carmarthen,51.8555,-4.3054,46.15,91,100,8.16,GB,1643864322
226,Chara,56.9064,118.2631,-13.13,91,66,1.59,RU,1643864322
227,Örebro,59.2741,15.2066,26.92,56,100,5.75,SE,1643864089
228,Kasongo-Lunda,-6.4667,16.8167,68.54,98,98,1.48,CD,1643864322
229,Lagoa,39.05,-27.9833,57.25,73,2,4.23,PT,1643863920
230,Krasnosel'kup,65.7,82.4667,-8.14,96,77,10.65,RU,1643864323
231,Mercedes,-34.6515,-59.4307,72.84,96,100,4.59,AR,1643864004
232,Garissa,-0.4536,39.6401,78.55,75,99,7.96,KE,1643864015
233,Nhulunbuy,-12.2333,136.7667,90.21,66,75,12.66,AU,1643864118
234,Tiksi,71.6872,128.8694,-3.51,91,100,8.5,RU,1643863844
235,Bolobo,-2.1667,16.2333,72.27,91,100,7.92,CD,1643864324
236,Mogadishu,2.0371,45.3438,76.87,83,0,12.66,SO,1643863987
237,Mount Isa,-20.7333,139.5,87.57,58,40,13.8,AU,1643863927
238,Oxelösund,58.6706,17.1015,23.38,86,75,3.44,SE,1643864325
239,Chipiona,36.7366,-6.437,47.66,81,0,8.05,ES,1643864325
240,Severo-Kuril'sk,50.6789,156.125,30.61,77,100,10.63,RU,1643863908
241,Sittwe,20.15,92.9,76.42,35,3,2.73,MM,1643863998
242,Arteaga,18.4667,-102.4167,55.42,95,7,2.48,MX,1643864326
243,Meulaboh,4.1363,96.1285,85.98,63,20,4.43,ID,1643863937
244,Mīzan Teferī,6.9833,35.5833,70.27,52,99,2.44,ET,1643864326
245,Johi,26.6921,67.6133,67.35,22,0,2.48,PK,1643864327
246,Ahipara,-35.1667,173.1667,73.56,72,93,12.17,NZ,1643863867
247,Syamzha,60.0158,41.0614,13.86,96,99,4.92,RU,1643864327
248,Virginia Beach,36.8529,-75.978,42.04,94,100,0.0,US,1643864327
249,Agadez,19.75,10.25,47.68,35,0,10.78,NE,1643864328
250,Aripuanã,-9.1667,-60.6333,72.01,99,100,0.67,BR,1643864328
251,Port Hardy,50.6996,-127.4199,41.76,93,100,13.8,CA,1643864022
252,Provideniya,64.3833,-173.3,2.62,67,96,22.01,RU,1643863907
253,Bilma,18.6853,12.9164,50.23,36,0,12.3,NE,1643864329
254,Ibicuí,-14.8417,-39.9867,67.23,96,100,2.26,BR,1643864329
255,Kwekwe,-18.9281,29.8149,67.51,88,65,4.79,ZW,1643864330
256,Kargasok,59.0556,80.8572,18.03,88,100,12.33,RU,1643864016
257,Smithers,54.7804,-127.1743,12.52,85,100,2.3,CA,1643863874
258,Katobu,-4.9408,122.5276,85.1,63,100,5.3,ID,1643863979
259,Norman Wells,65.282,-126.8329,-25.56,68,100,5.75,CA,1643863890
260,Bubaque,11.2833,-15.8333,77.27,78,10,6.49,GW,1643863899
261,Lavrentiya,65.5833,-171.0,1.0,63,2,22.82,RU,1643863899
262,Vanavara,60.34,102.2797,6.4,91,100,4.36,RU,1643863935
263,Fare,-16.7,-151.0167,81.09,78,68,21.03,PF,1643864331
264,Thanh Hoa,19.8,105.7667,58.1,60,100,6.04,VN,1643864297
265,Mahanoro,-19.9,48.8,77.85,71,100,14.12,MG,1643864331
266,Colares,38.7992,-9.4469,54.34,75,100,1.01,PT,1643864043
267,Nemuro,43.3236,145.575,27.03,66,19,5.44,JP,1643863913
268,Belinsky,52.9647,43.4165,30.4,99,100,3.91,RU,1643864332
269,Bad Doberan,54.1071,11.9005,41.99,87,100,11.81,DE,1643863976
270,Coquimbo,-29.9533,-71.3436,62.33,88,0,2.3,CL,1643863996
271,Palana,59.1167,159.9667,9.9,82,100,11.23,RU,1643864333
272,Tezu,27.9167,96.1667,68.92,40,97,3.8,IN,1643864333
273,Boguchany,58.3814,97.4531,14.54,90,97,3.58,RU,1643864333
274,Poplar Bluff,36.757,-90.3929,28.18,85,100,12.8,US,1643864334
275,Ulfborg,56.2673,8.3217,42.89,95,100,11.12,DK,1643864334
276,Srednekolymsk,67.45,153.6833,-27.63,100,71,0.92,RU,1643864335
277,Laas,46.6166,10.7002,34.29,93,53,7.78,IT,1643864335
278,Tuktoyaktuk,69.4541,-133.0374,-18.4,76,75,10.36,CA,1643863862
279,Brejo,-3.6844,-42.7503,72.32,97,97,2.75,BR,1643864336
280,Avera,33.194,-82.5271,58.71,97,100,6.4,US,1643863954
281,Inverell,-29.7833,151.1167,76.66,76,96,5.01,AU,1643864336
282,Gao,16.6362,1.637,59.04,16,21,13.27,ML,1643864336
283,Kruisfontein,-34.0033,24.7314,68.88,78,100,8.05,ZA,1643863968
284,Souillac,-20.5167,57.5167,80.98,89,75,27.63,MU,1643863880
285,Kyabé,9.4515,18.9449,69.24,18,19,7.05,TD,1643864337
286,Salekhard,66.53,66.6019,-7.83,100,100,2.82,RU,1643864338
287,Acajutla,13.5928,-89.8275,73.8,80,0,4.97,SV,1643864060
288,Fes,34.0372,-4.9998,53.71,37,0,8.05,MA,1643864338
289,Chifeng,42.2683,118.9636,18.14,35,2,14.29,CN,1643864339
290,Grand Gaube,-20.0064,57.6608,81.0,91,100,17.0,MU,1643864027
291,Palm Coast,29.585,-81.2078,62.26,72,91,4.0,US,1643864339
292,Peniche,39.3558,-9.3811,54.63,80,100,2.13,PT,1643864046
293,Marawi,7.9986,124.2928,73.65,64,100,4.94,PH,1643864340
294,Keskin,39.6731,33.6136,22.89,96,100,3.18,TR,1643864340
295,Lima,-12.0432,-77.0282,68.4,69,0,13.8,PE,1643864337
296,Vao,-22.6667,167.4833,79.72,71,100,7.45,NC,1643863852
297,Narsaq,60.9167,-46.05,12.42,67,100,15.17,GL,1643863664
298,Lebu,-37.6167,-73.65,57.67,95,56,7.9,CL,1643863883
299,Maceió,-9.6658,-35.7353,78.24,88,40,0.0,BR,1643863844
300,Carballo,43.213,-8.691,52.68,83,100,4.34,ES,1643864341
301,Safi,32.2994,-9.2372,61.9,49,12,9.78,MA,1643864112
302,Camacha,33.0833,-16.3333,61.56,88,40,6.91,PT,1643864342
303,Kalmunai,7.4167,81.8167,80.8,62,44,4.43,LK,1643864342
304,Tuatapere,-46.1333,167.6833,57.81,63,100,9.35,NZ,1643863811
305,Seoul,37.5683,126.9778,33.31,33,0,9.22,KR,1643863620
306,Oddur,4.1213,43.8894,74.12,58,52,20.38,SO,1643864343
307,Camargo,27.6667,-105.1667,52.88,49,100,15.55,MX,1643864343
308,Casino,-28.8667,153.05,71.55,94,100,10.36,AU,1643864344
309,Ustka,54.5805,16.8619,34.47,92,75,10.31,PL,1643864344
310,Hong Kong,22.2855,114.1577,60.24,82,100,7.0,HK,1643864011
311,Matara,5.9485,80.5353,84.72,56,7,3.15,LK,1643863885
312,Santa Isabel,-23.3156,-46.2214,70.66,99,99,1.86,BR,1643864345
313,Burnie,-41.0667,145.9167,73.94,39,63,8.79,AU,1643864345
314,Preston,53.7667,-2.7167,47.73,92,98,10.89,GB,1643864341
315,Jalu,29.0331,21.5482,50.02,69,17,16.4,LY,1643863945
316,Faya,18.3851,42.4509,51.91,60,79,1.48,SA,1643864346
317,Cartagena,10.3997,-75.5144,78.42,89,20,8.05,CO,1643864346
318,Inta,66.0317,60.1659,14.04,95,99,6.2,RU,1643864347
319,Onega,63.9061,38.1404,3.72,98,93,1.99,RU,1643864347
320,Lüderitz,-26.6481,15.1594,66.99,80,46,5.03,NA,1643863858
321,Madisonville,37.3281,-87.4989,35.08,94,100,5.99,US,1643864348
322,Wahiawā,21.5028,-158.0236,73.76,72,81,4.07,US,1643864348
323,Krasnoarmeysk,51.0239,45.6969,33.08,98,100,15.66,RU,1643864348
324,Nova Odesa,47.3078,31.7851,32.4,96,100,2.95,UA,1643864349
325,Saskylakh,71.9167,114.0833,-32.26,100,18,2.62,RU,1643863868
326,Yulara,-25.2406,130.9889,75.04,41,100,14.97,AU,1643863914
327,Pierre,44.3683,-100.351,0.52,65,20,3.44,US,1643863572
328,Russkiy Aktash,55.0384,52.1214,31.35,95,100,13.67,RU,1643864350
329,‘Ewa Beach,21.3156,-158.0072,76.98,66,100,3.44,US,1643863987
330,Vladislavovka,45.1667,35.3667,42.85,95,100,5.41,UA,1643864350
331,Lar,26.2039,83.9717,68.14,46,66,12.66,IN,1643864351
332,Camalú,30.85,-116.0667,54.43,36,0,8.9,MX,1643864351
333,New Iberia,30.0035,-91.8187,68.05,94,100,12.66,US,1643864352
334,Grand Bank,47.0999,-55.765,26.98,77,57,17.13,CA,1643864352
335,Sinnamary,5.3833,-52.95,77.29,84,100,10.47,GF,1643864352
336,Lovozero,68.005,35.0117,14.11,96,100,2.37,RU,1643864353
337,Manzanillo,20.3433,-77.1167,70.43,89,1,10.69,CU,1643863960
338,Havre-St-Pierre,50.2334,-63.5986,28.99,93,100,10.36,CA,1643864353
339,Samarai,-10.6167,150.6667,84.87,70,100,9.93,PG,1643863860
340,Shirvan,39.9509,48.8994,43.56,55,97,5.86,AZ,1643864354
341,Ystad,55.4297,13.8204,38.14,96,100,9.73,SE,1643864354
342,Tautira,-17.7333,-149.15,84.22,80,32,23.11,PF,1643864355
343,Torbay,47.6666,-52.7314,26.28,88,75,13.8,CA,1643863863
344,Lakes Entrance,-37.8811,147.981,59.58,58,60,17.6,AU,1643864355
345,Taoudenni,22.6783,-3.9836,59.04,31,95,10.67,ML,1643864034
346,Mount Gambier,-37.8333,140.7667,64.31,52,100,17.27,AU,1643863891
347,São Domingos do Maranhão,-5.5758,-44.3853,70.45,93,80,2.53,BR,1643864187
348,Weyburn,49.6668,-103.8511,-19.82,69,24,10.36,CA,1643864356
349,Eidsvåg,62.7767,8.0668,30.85,78,100,8.93,NO,1643864357
350,Cadillac,44.2519,-85.4012,17.94,67,100,10.36,US,1643864357
351,Nangong,37.3581,115.3744,40.96,29,0,4.23,CN,1643864357
352,João Pinheiro,-17.7425,-46.1725,67.93,94,84,5.3,BR,1643864358
353,Husavik,66.0449,-17.3389,3.11,89,97,4.14,IS,1643864015
354,Bengkulu,-3.8004,102.2655,84.09,67,74,6.24,ID,1643863910
355,Bandarbeyla,9.4942,50.8122,77.43,62,15,19.6,SO,1643863997
356,Hwange,-18.3693,26.5019,69.78,93,5,2.33,ZW,1643864359
357,Katherine,-14.4667,132.2667,86.32,66,75,14.97,AU,1643864359
358,Leh,34.1667,77.5833,13.12,91,100,2.06,IN,1643864359
359,Emerald,-23.5333,148.1667,77.14,100,75,8.05,AU,1643864040
360,Nanortalik,60.1432,-45.2371,19.8,94,100,11.3,GL,1643863940
361,Yar-Sale,66.8333,70.8333,6.17,96,100,7.92,RU,1643864360
362,Kerema,-7.9631,145.7785,85.3,61,100,8.41,PG,1643863899
363,Astoria,46.1879,-123.8313,44.92,96,100,1.99,US,1643864019
364,Ambam,2.3833,11.2833,67.15,99,70,2.39,CM,1643864361
365,Maniitsoq,65.4167,-52.9,12.4,64,100,21.39,GL,1643864361
366,Kedrovyy,56.1667,91.8167,-5.39,89,88,4.52,RU,1643864362
367,Säkylä,61.0333,22.3333,8.64,99,89,0.34,FI,1643864362
368,Kavieng,-2.5744,150.7967,80.65,75,100,14.56,PG,1643863875
369,Port Lincoln,-34.7333,135.8667,67.6,55,20,16.11,AU,1643863911
370,Sarkand,45.41,79.9186,26.26,69,99,1.34,KZ,1643864363
371,Sabang,5.8933,95.3214,82.2,72,13,15.14,ID,1643864010
372,Tura,25.5198,90.2201,72.27,34,56,1.92,IN,1643864363
373,Shirokiy,49.758,129.523,0.27,82,52,10.2,RU,1643864364
374,Hobyo,5.3505,48.5268,78.8,69,100,18.72,SO,1643864364
375,Anamur,36.0751,32.8369,55.13,71,100,17.16,TR,1643864364
376,Saddiqabad,28.3062,70.1307,67.14,31,0,17.07,PK,1643864365
377,Mâncio Lima,-7.6142,-72.8958,74.08,88,100,2.17,BR,1643864365
378,Morant Bay,17.8815,-76.4093,76.62,85,8,10.07,JM,1643864366
379,Changping,40.2186,116.2197,35.24,22,25,7.83,CN,1643864366
380,Deputatsky,69.3,139.9,-25.38,93,54,4.36,RU,1643863950
381,Mari-Turek,56.7895,49.6235,11.44,99,100,0.69,RU,1643864367
382,Cangzhou,38.3167,116.8667,38.03,24,0,7.05,CN,1643864367
383,College,64.8569,-147.8028,-22.92,68,0,0.0,US,1643864232
384,Kattivākkam,13.2167,80.3167,84.29,68,3,8.14,IN,1643864367
385,Kawalu,-7.3817,108.2082,88.68,54,39,4.27,ID,1643864368
386,Waipawa,-41.4122,175.5153,70.43,59,98,9.55,NZ,1643864368
387,Chapais,49.7834,-74.8492,2.98,91,100,7.2,CA,1643863888
388,Ilulissat,69.2167,-51.1,-9.36,67,100,10.16,GL,1643863866
389,Chokwé,-24.5333,32.9833,80.24,67,5,7.29,MZ,1643864369
390,Ilhabela,-23.7781,-45.3581,74.41,90,100,3.76,BR,1643864031
391,Kidal,18.4411,1.4078,60.26,16,25,13.85,ML,1643864369
392,Whyalla,-33.0333,137.5833,73.29,56,5,19.57,AU,1643863736
393,Butembo,0.15,29.2833,61.21,77,71,1.72,CD,1643864370
394,Verkhnyaya Inta,65.9811,60.3094,13.64,95,99,5.66,RU,1643864370
395,São João da Barra,-21.6403,-41.0511,72.73,94,100,8.12,BR,1643863894
396,Rock Sound,24.9,-76.2,73.33,64,3,18.52,BS,1643864371
397,Maragogi,-9.0122,-35.2225,78.15,79,33,6.6,BR,1643864267
398,Burns Lake,54.2331,-125.7533,6.22,95,95,2.3,CA,1643864371
399,Bani Walid,31.7566,13.9942,53.44,72,62,21.77,LY,1643864372
400,Kursk,51.7303,36.1939,20.75,93,100,2.24,RU,1643864372
401,San Vicente,-26.6167,-54.1333,69.42,69,4,2.91,AR,1643864372
402,Neryungri,56.6709,124.6491,-7.22,91,100,12.08,RU,1643864373
403,Nioro,13.35,-15.75,70.92,72,9,5.77,GM,1643863979
404,Port Hedland,-20.3167,118.5667,91.45,29,97,16.11,AU,1643864373
405,Sioux Lookout,50.1001,-91.917,-16.53,76,0,10.36,CA,1643863957
406,Sterlibashevo,53.4376,55.2578,23.58,95,100,16.15,RU,1643864374
407,Wasilla,61.5814,-149.4394,21.94,63,0,10.36,US,1643863810
408,Sechura,-5.5569,-80.8222,72.28,74,61,13.24,PE,1643863957
409,Pauini,-7.7136,-66.9764,71.15,99,100,2.55,BR,1643864374
410,Cidreira,-30.1811,-50.2056,75.43,88,7,19.73,BR,1643863831
411,Longyearbyen,78.2186,15.6401,13.84,73,0,20.71,SJ,1643863863
412,Miran Shah,33.0086,70.0697,49.96,34,0,3.71,PK,1643864375
413,Vila Franca do Campo,37.7167,-25.4333,60.19,78,69,8.61,PT,1643863878
414,Leningradskiy,69.3833,178.4167,-13.04,90,18,9.91,RU,1643864376
415,Luwingu,-10.2621,29.9271,62.69,97,100,3.89,ZM,1643864376
416,Pokhara,28.2333,83.9833,60.64,51,87,5.1,NP,1643864376
417,Sorong,-0.8833,131.25,82.96,70,100,6.6,ID,1643864052
418,Tual,-5.6667,132.75,81.97,77,97,11.23,ID,1643863944
419,Lucapa,-8.4192,20.7447,64.63,98,100,0.76,AO,1643864377
420,Shiyan,32.6475,110.7781,45.55,37,100,4.9,CN,1643864377
421,Ilovlya,49.3033,43.9796,33.1,96,100,15.37,RU,1643864378
422,Ubari,26.5921,12.7805,40.89,56,0,8.25,LY,1643864378
423,Coahuayana Viejo,18.7333,-103.6833,65.43,83,0,3.78,MX,1643864378
424,Sitka,57.0531,-135.33,37.29,93,100,6.91,US,1643864025
425,Kolokani,13.5728,-8.0339,62.71,17,47,9.42,ML,1643864379
426,Benjamín Hill,30.1667,-111.1,42.51,16,0,15.14,MX,1643864379
427,Mundi,22.0667,76.5,77.52,28,2,10.0,IN,1643864380
428,Jatai,-17.8814,-51.7144,68.29,95,99,3.42,BR,1643864380
429,Rocha,-34.4833,-54.3333,65.48,98,35,6.64,UY,1643864380
430,Emilio Carranza,19.9711,-96.6114,73.27,84,0,10.09,MX,1643864381
431,Klaksvík,62.2266,-6.589,36.52,99,100,16.28,FO,1643863951
432,Touros,-5.1989,-35.4608,77.9,79,61,9.98,BR,1643864020
433,San Patricio,28.017,-97.5169,71.69,88,100,17.27,US,1643863919
434,Lyuban',52.7985,28.0048,19.76,95,97,12.93,BY,1643864382
435,Eureka,40.8021,-124.1637,49.19,88,53,1.01,US,1643864272
436,Spearfish,44.4908,-103.8594,0.88,57,91,3.76,US,1643864097
437,Chernyshevskiy,63.0128,112.4714,-8.32,93,95,2.46,RU,1643864382
438,Tonstad,58.6626,6.7169,42.35,98,100,3.13,NO,1643864383
439,Haines Junction,60.7522,-137.5108,-16.65,83,100,1.14,CA,1643863941
440,Le Vauclin,14.5452,-60.8388,75.85,88,0,6.91,MQ,1643864383
441,Constitución,-35.3333,-72.4167,56.3,89,69,4.0,CL,1643863861
442,Batagay,67.6333,134.6333,-27.81,97,99,1.07,RU,1643864383
443,Kutum,14.2,24.6667,59.54,21,13,10.09,SD,1643864384
444,Três Lagoas,-20.7511,-51.6783,72.82,91,100,4.97,BR,1643864384
445,Baiyin,36.5583,104.2081,29.28,49,13,6.4,CN,1643864385
446,Calabozo,8.9242,-67.4293,80.2,57,52,8.43,VE,1643864385
447,Kingsport,36.5484,-82.5618,49.75,94,100,1.99,US,1643864385
448,Saint-Joseph,-21.3667,55.6167,80.98,93,100,33.89,RE,1643863927
449,Belyy,55.8402,32.9419,20.01,97,100,1.77,RU,1643864386
450,Ozinki,51.1786,49.6769,32.13,95,100,18.59,RU,1643864386
451,Tongliao,43.6125,122.2653,12.24,70,5,11.23,CN,1643864386
452,Labytnangi,66.6572,66.4183,-6.48,99,100,2.8,RU,1643864387
453,Pundaguitan,6.3711,126.1689,80.11,69,100,11.07,PH,1643864387
454,Praia,14.9215,-23.5087,72.14,60,1,20.71,CV,1643864388
455,Karratha,-20.7377,116.8463,92.19,45,74,11.12,AU,1643863845
456,Malanje,-9.5402,16.341,60.53,92,92,3.51,AO,1643864388
457,Koygorodok,60.445,50.9968,14.38,97,97,5.86,RU,1643864388
458,Sinjār,36.3209,41.8754,43.57,59,84,7.07,IQ,1643864389
459,Vostok,46.4856,135.8833,3.56,85,100,9.04,RU,1643863895
460,Mīrābād,30.4362,61.8383,53.29,33,0,15.43,AF,1643864389
461,Qui Nhon,13.7667,109.2333,77.4,77,69,13.73,VN,1643864390
462,Anzio,41.4853,12.6179,46.45,66,1,8.81,IT,1643864390
463,Killybegs,54.6333,-8.45,48.45,89,94,18.16,IE,1643864027
464,Alta Floresta,-9.8756,-56.0861,71.35,95,82,1.41,BR,1643863871
465,Hamilton,39.1834,-84.5333,45.09,95,100,7.0,US,1643863984
466,Ilām,26.9167,87.9167,57.72,53,14,5.17,NP,1643864391
467,Sandwick,60.0,-1.25,46.22,100,100,20.71,GB,1643864002
468,Motygino,58.1831,94.7592,7.38,94,98,3.51,RU,1643864391
469,Ribeira Grande,38.5167,-28.7,58.73,71,16,3.36,PT,1643863846
470,Bow Island,49.8668,-111.3684,1.47,71,86,0.0,CA,1643864392
471,Darhan,49.4867,105.9228,2.88,80,87,4.54,MN,1643864392
472,San Ignacio,17.1561,-89.0714,69.19,98,14,3.76,BZ,1643864393
473,Bayburt,40.2589,40.2278,8.91,91,37,4.43,TR,1643864393
474,Rawson,-43.3002,-65.1023,67.95,50,59,4.88,AR,1643864393
475,Primorskoye,47.1744,37.6927,37.85,100,100,8.81,UA,1643864394
476,Venta,56.2,22.7,18.28,97,53,4.38,LT,1643864394
477,Barra de Tecoanapa,16.5167,-98.75,73.26,76,0,5.84,MX,1643864395
478,Sakon Nakhon,17.1612,104.1472,83.14,69,75,10.36,TH,1643864395
479,Huangzhou,30.45,114.8,41.18,77,100,0.6,CN,1643864395
480,Estevan,49.1334,-102.9842,-19.79,75,0,4.21,CA,1643864396
481,Vanimo,-2.6741,141.3028,82.69,73,76,5.77,PG,1643864396
482,Coyhaique,-45.5752,-72.0662,57.15,82,20,4.61,CL,1643864344
483,Gayéri,12.6497,0.4931,64.35,15,4,8.86,BF,1643864397
484,Balkanabat,39.5108,54.3671,52.88,29,20,7.52,TM,1643864397
485,Saryg-Sep,51.5,95.6,-4.41,93,99,1.92,RU,1643864397
486,Dryden,49.7833,-92.7503,-18.11,76,0,12.66,CA,1643864398
487,Minas,-34.3759,-55.2377,70.27,92,68,12.17,UY,1643864398
488,Kirakira,-10.4544,161.9205,81.54,83,100,8.95,SB,1643863871
489,Polson,47.6936,-114.1632,8.78,89,92,2.04,US,1643863989
490,Ushtobe,45.2514,77.9838,24.39,70,100,1.23,KZ,1643864399
491,Teguise,29.0605,-13.564,66.42,52,93,9.22,ES,1643864399
492,Pendleton,45.6721,-118.7886,38.91,81,100,0.0,US,1643864400
493,Aklavik,68.2191,-135.0107,-24.77,98,100,4.16,CA,1643863910
494,Corner Brook,48.9667,-57.9484,28.53,95,95,4.99,CA,1643864167
495,Ancud,-41.8697,-73.8203,56.73,92,65,2.75,CL,1643863994
496,San Luis,-33.295,-66.3356,67.77,54,2,4.18,AR,1643864401
497,Tombouctou,20.0,-3.0,56.46,25,61,10.76,ML,1643863847
498,Yuzhnyy,53.2542,83.6936,10.78,85,20,4.47,RU,1643864405
499,Baker City,44.7749,-117.8344,27.64,96,97,3.15,US,1643864388
500,Nha Trang,12.25,109.1833,84.2,69,61,10.87,VN,1643864334
501,Cairns,-16.9167,145.7667,91.35,71,75,6.91,AU,1643864118
502,Bend,44.0582,-121.3153,35.46,72,75,1.01,US,1643864156
503,Caravelas,-17.7125,-39.2481,74.71,92,31,3.13,BR,1643863858
504,Saint Anthony,45.0205,-93.218,-0.56,64,0,3.0,US,1643863838
505,Henties Bay,-22.116,14.2845,65.86,85,1,4.63,NA,1643864436
506,Omboué,-1.5746,9.2618,77.41,84,100,4.88,GA,1643864441
507,Shīeli,44.1667,66.75,28.67,77,10,5.44,KZ,1643864445
508,Plouzané,48.3833,-4.6167,46.72,100,90,9.22,FR,1643864448
509,Narasannapeta,18.4167,84.05,78.37,62,53,6.55,IN,1643864449
510,Santiago del Estero,-27.7951,-64.2615,79.72,57,78,4.61,AR,1643864451
511,Okha,53.5739,142.9478,5.36,91,100,24.85,RU,1643864452
512,Gamba,-2.65,10.0,76.14,87,100,3.69,GA,1643863915
513,Hudson Bay,52.85,-102.3842,-31.92,95,6,5.41,CA,1643864453
514,Kostomuksha,64.571,30.5767,-2.58,100,94,2.46,RU,1643864455
515,Mouila,-1.8685,11.0559,73.22,96,100,2.26,GA,1643864456
516,Luan,46.3592,6.9759,32.68,93,100,5.23,CH,1643864456
517,Logan,41.7355,-111.8344,20.19,67,66,1.01,US,1643864457
518,Alekseyevka,50.6309,38.6903,32.88,99,100,3.62,RU,1643864458
519,Mabaruma,8.2,-59.7833,70.79,98,5,1.83,GY,1643864459
520,Aasiaat,68.7098,-52.8699,-4.67,75,100,19.42,GL,1643864460
521,Pandan,14.0453,124.1694,79.0,84,85,13.8,PH,1643864461
522,Udachny,66.4167,112.4,-22.72,98,48,2.3,RU,1643863882
523,Richards Bay,-28.783,32.0377,77.85,80,6,14.79,ZA,1643863924
524,Manavālakurichi,8.1333,77.3,86.09,53,3,6.76,IN,1643864286
525,Varkala,8.7341,76.7067,85.78,66,3,8.41,IN,1643864462
526,Autun,46.95,4.3,42.24,94,100,2.46,FR,1643864463
527,Brigantine,39.4101,-74.3646,43.05,99,100,0.0,US,1643864464
528,Silver City,32.7701,-108.2803,31.68,90,40,4.0,US,1643864465
529,Diffa,13.3154,12.6113,57.58,17,56,9.44,NE,1643864466
530,Eyl,7.9803,49.8164,76.01,68,13,20.04,SO,1643864467
531,Shemursha,54.8866,47.5189,24.49,97,100,4.79,RU,1643864468
532,Abbeville,50.1,1.8333,46.94,82,100,9.48,FR,1643864468
533,Bauchi,10.5,10.0,56.28,19,7,3.74,NG,1643864469
534,Aného,6.2333,1.6,77.76,84,36,10.04,TG,1643864470
535,Chongwe,-15.3292,28.682,66.47,94,18,2.37,ZM,1643864038
536,Lárdos,36.0942,28.0157,54.95,76,100,11.54,GR,1643864471
537,Nuuk,64.1835,-51.7216,20.01,73,100,17.27,GL,1643864471
538,Quanzhou,24.9139,118.5858,54.16,90,100,8.75,CN,1643864472
539,Riyadh,24.6877,46.7219,53.65,40,0,6.91,SA,1643863882
540,Honningsvåg,70.9821,25.9704,22.75,86,20,2.3,NO,1643863952
541,Horsham,51.064,-0.3272,47.73,77,75,6.91,GB,1643864473
542,Benguela,-12.5763,13.4055,72.14,81,29,1.9,AO,1643864474
543,Zeya,53.75,127.2667,5.4,49,28,7.94,RU,1643864475
544,Vega de Alatorre,20.0333,-96.6333,73.71,84,0,10.29,MX,1643864476
545,Misratah,32.3754,15.0925,58.69,69,41,21.81,LY,1643864476
546,Atar,20.5169,-13.0499,67.62,23,0,7.18,MR,1643864477
547,Lumeje,-11.55,20.7833,65.55,95,100,3.51,AO,1643864478
548,Barma,8.35,-11.3333,62.28,62,7,1.92,SL,1643864479
549,Saquena,-4.6667,-73.5167,74.82,83,86,1.45,PE,1643864479
550,Kysyl-Syr,63.8986,122.7617,-11.36,94,100,4.88,RU,1643864480
551,Mugur-Aksy,50.35,90.5,5.43,75,33,0.74,RU,1643864480
552,Nur-Sultan,51.1801,71.446,1.35,78,38,4.47,KZ,1643864481
553,Vestmannaeyjar,63.4427,-20.2734,28.53,80,59,17.69,IS,1643864481
554,Almeria,37.1667,-2.3333,44.76,29,70,4.61,ES,1643864482
555,Issoire,45.55,3.25,33.06,85,78,5.53,FR,1643864483
556,Songyuan,45.1171,124.8568,8.51,70,13,8.93,CN,1643864443
557,San Andrés,12.5847,-81.7006,79.59,78,14,15.79,CO,1643864451
558,Zdvinsk,54.7021,78.661,7.03,97,100,6.51,RU,1643864483
559,Cumpas,29.9833,-109.7833,45.3,24,17,5.17,MX,1643864484
560,Khandyga,62.6667,135.6,-23.15,92,100,2.01,RU,1643863902
